{
  "project_info": {
    "project_number": "447439409254",
    "firebase_url": "https://user-authentication-b6de3.firebaseio.com",
    "project_id": "user-authentication-b6de3",
    "storage_bucket": "user-authentication-b6de3.appspot.com"
  },
  "client": [
    {
      "client_info": {
        "mobilesdk_app_id": "1:447439409254:android:7985cdf41129c4c71a1da7",
        "android_client_info": {
          "package_name": "com.melat.user_managment"
        }
      },
      "oauth_client": [
        {
          "client_id": "447439409254-28dgauu7e8lm8ulm5q5g91fagct2tbfk.apps.googleusercontent.com",
          "client_type": 3
        }
      ],
      "api_key": [
        {
          "current_key": "AIzaSyD52Qo2naMDpa6_oOYIpDVeAF9zPw6ciMs"
        }
      ],
      "services": {
        "appinvite_service": {
          "other_platform_oauth_client": [
            {
              "client_id": "447439409254-28dgauu7e8lm8ulm5q5g91fagct2tbfk.apps.googleusercontent.com",
              "client_type": 3
            }
          ]
        }
      }
    }
  ],
  "configuration_version": "1"
}